{
  "id": "4049727",
  "name": "第二轮",
  "font_family": "iconfont",
  "css_prefix_text": "icon-",
  "description": "",
  "glyphs": [
    {
      "icon_id": "538876",
      "name": "收藏",
      "font_class": "shoucang",
      "unicode": "e61a",
      "unicode_decimal": 58906
    },
    {
      "icon_id": "2076358",
      "name": "返回箭头",
      "font_class": "fanhuijiantou",
      "unicode": "e8b5",
      "unicode_decimal": 59573
    },
    {
      "icon_id": "2742656",
      "name": "商店",
      "font_class": "shangdian",
      "unicode": "e675",
      "unicode_decimal": 58997
    },
    {
      "icon_id": "4546549",
      "name": "lofter",
      "font_class": "lofter",
      "unicode": "e638",
      "unicode_decimal": 58936
    },
    {
      "icon_id": "4770728",
      "name": "放大镜",
      "font_class": "fangdajing",
      "unicode": "e637",
      "unicode_decimal": 58935
    },
    {
      "icon_id": "10030439",
      "name": "ic_脚丫",
      "font_class": "ic_jiaoya",
      "unicode": "e68e",
      "unicode_decimal": 59022
    },
    {
      "icon_id": "11372639",
      "name": "爱心",
      "font_class": "aixin",
      "unicode": "e8ab",
      "unicode_decimal": 59563
    },
    {
      "icon_id": "11372716",
      "name": "我的",
      "font_class": "wode",
      "unicode": "e8bb",
      "unicode_decimal": 59579
    },
    {
      "icon_id": "11613937",
      "name": "铃铛",
      "font_class": "lingdang",
      "unicode": "e602",
      "unicode_decimal": 58882
    },
    {
      "icon_id": "12476900",
      "name": "评论",
      "font_class": "pinglun",
      "unicode": "e609",
      "unicode_decimal": 58889
    },
    {
      "icon_id": "18371922",
      "name": "评论1",
      "font_class": "pinglun1",
      "unicode": "e6b7",
      "unicode_decimal": 59063
    },
    {
      "icon_id": "33987008",
      "name": "关注-置灰",
      "font_class": "guanzhu-zhihui",
      "unicode": "e61e",
      "unicode_decimal": 58910
    }
  ]
}
